{
  "id": "2007316",
  "name": "etc线下网点",
  "font_family": "iconfont",
  "css_prefix_text": "icon",
  "description": "",
  "glyphs": [
    {
      "icon_id": "10156121",
      "name": "不可见",
      "font_class": "bukejian",
      "unicode": "e61c",
      "unicode_decimal": 58908
    },
    {
      "icon_id": "12186479",
      "name": "more",
      "font_class": "more",
      "unicode": "e61a",
      "unicode_decimal": 58906
    },
    {
      "icon_id": "14112867",
      "name": "通知",
      "font_class": "tongzhi1",
      "unicode": "e642",
      "unicode_decimal": 58946
    },
    {
      "icon_id": "11177882",
      "name": "电子证件",
      "font_class": "dianzizhengjian",
      "unicode": "e6a5",
      "unicode_decimal": 59045
    },
    {
      "icon_id": "5330293",
      "name": "上传",
      "font_class": "shangchuan",
      "unicode": "e775",
      "unicode_decimal": 59253
    },
    {
      "icon_id": "4893434",
      "name": "沙漏倒计时",
      "font_class": "shaloudaojishi",
      "unicode": "e661",
      "unicode_decimal": 58977
    },
    {
      "icon_id": "936871",
      "name": "成功",
      "font_class": "chenggong",
      "unicode": "e635",
      "unicode_decimal": 58933
    },
    {
      "icon_id": "1269233",
      "name": "时钟",
      "font_class": "shizhong",
      "unicode": "e670",
      "unicode_decimal": 58992
    },
    {
      "icon_id": "16857873",
      "name": "沙漏2",
      "font_class": "shalou2",
      "unicode": "e711",
      "unicode_decimal": 59153
    },
    {
      "icon_id": "5023641",
      "name": "播放",
      "font_class": "bofang",
      "unicode": "e62c",
      "unicode_decimal": 58924
    },
    {
      "icon_id": "5093354",
      "name": "相机",
      "font_class": "xiangji",
      "unicode": "e609",
      "unicode_decimal": 58889
    },
    {
      "icon_id": "14433087",
      "name": "查找",
      "font_class": "chazhao",
      "unicode": "e800",
      "unicode_decimal": 59392
    },
    {
      "icon_id": "6282777",
      "name": "通知",
      "font_class": "tongzhi",
      "unicode": "e6bb",
      "unicode_decimal": 59067
    },
    {
      "icon_id": "1159519",
      "name": "小汽车",
      "font_class": "xiaoqiche",
      "unicode": "e74f",
      "unicode_decimal": 59215
    }
  ]
}
