{
  "vehicleInfo": {
    "vehicleId": "20231823",
    "vehicleNumber": "沪AQM322",
    "vehicleColor": "0",
    "vin": "LSGNB83L1LA068069",
    "engineNum": "193291020",
    "viRegisterDate": "2020-01-03",
    "viIssueDate": "2020-05-27",
    "vehicleSpecies": "非营运",
    "vehicleType": "0",
    "dzfpVehicleType": "小型普通客车",
    "vehicleClass": "1",
    "approvedAccount": 5,
    "maintenaceMass": 1915,
    "viLength": 4813.0,
    "viHeight": 1682.0,
    "viWidth": 1903.0,
    "viModelName": "凯迪拉克牌SGM6480NBX1",
    "takeOffTime": null,
    "createTime": "2021-04-23 13:43:14",
    "axleCount": "2",
    "axleDistance": 2700.0,
    "wheelCount": "4",
    "permittedWeight": "0",
    "permittedTowWeight": "0",
    "viTotalMass": "2375",
    "workOrderId": "20495",
    "bizCode": "12",
    "payChannelId": null,
    "subPayChannelId": null,
    "channelName": null,
    "isBind": "2",
    "oprtId": "1      ",
    "orderCreateTime": null,
    "vehicleCategory": "1",
    "postion": "1",
    "orderStatus": "1",
    "vehicleNote": "凯迪拉克牌SGM6480NBX1",
    "vehicleAberrantData": null
  },
  "cardInfo": {
    "cardID": "0131002714297278",
    "userAcctId": "15409595",
    "cardType": "0",
    "versionNo": "10",
    "issueDate": "20201013",
    "blackStatus": "0",
    "cardStatus": "1",
    "expiryDate": "20310423",
    "freeEndDate": "20200423"
  },
  "obuInfo": {
    "obuID": "869D4700A239D203",
    "versionNo": "11",
    "factoryID": "08-北京握奇智能科技有限公司",
    "productType": "Quipass17",
    "printID": "3101190810580090",
    "obuStatus": "1",
    "issueDate": "20201013",
    "blackStatus": "0",
    "obuExpiryDate": "20310423",
    "freeEndDate": "20200423"
  },
  "userInfo": {
    "etcUserId": "U202104220000014839",
    "userID": "15404715",
    "userProperty": "2",
    "userName": "陆勇的测试换卡对公六",
    "userCertType": "203",
    "userCode": "",
    "address": "上海市徐汇区",
    "userPhone": "13255667830",
    "userPhone2": "13255667830",
    "identifyFlag": "0",
    "zipCode": "000000",
    "userAberrantData": null
  },
  "departmentInfo": {
    "department": "部门管理",
    "agentPhoneNum": "13255667830",
    "agentIdType": "101",
    "agentIdNum": "310103197112263219",
    "agentName": "徐烨峰",
    "defaultFlag": "0",
    "notFitrule": null,
    "errorMsg": null,
    "departmentAberrantData": null
  },
  "userNoticeList": null,
  "userAcctList": [
    {
      "userAcctId": "15409595",
      "userAcctType": "0",
      "ratedBalance": 0.0,
      "userAcctStatus": "1",
      "signOrderNo": "68250827418431316143895409886081",
      "payChannel": "ETC_CCB_CO",
      "paychannelName": "建行线下对公",
      "subPaychannelName": "建行线下对公",
      "oweBalance": 0,
      "balance": 10000,
      "consumeLimit": 20000
    }
  ],
  "vehicleList": null,
  "toBeIssueCount": "0"
}