{
  "userCertType": [
    {
      "fieldCode": "userCertType",
      "fieldName": "证件类型",
      "description": "身份证（含临时身份证）",
      "value": "101"
    },
    {
      "fieldCode": "userCertType",
      "fieldName": "证件类型",
      "description": "护照（限外籍人士）",
      "value": "102"
    },
    {
      "fieldCode": "userCertType",
      "fieldName": "证件类型",
      "description": "港澳居民来往内地通行证",
      "value": "103"
    },
    {
      "fieldCode": "userCertType",
      "fieldName": "证件类型",
      "description": "台湾居民来往大陆通行证",
      "value": "104"
    },
    {
      "fieldCode": "userCertType",
      "fieldName": "证件类型",
      "description": "军官证",
      "value": "105"
    },
    {
      "fieldCode": "userCertType",
      "fieldName": "证件类型",
      "description": "武警警察身份证",
      "value": "106"
    },
    {
      "fieldCode": "userCertType",
      "fieldName": "证件类型",
      "description": "澳门永久/非永久居民身份证",
      "value": "113"
    },
    {
      "fieldCode": "userCertType",
      "fieldName": "证件类型",
      "description": "香港永久/非永久居民身份证",
      "value": "114"
    },
    {
      "fieldCode": "userCertType",
      "fieldName": "证件类型",
      "description": "统一社会信用代码证书",
      "value": "201"
    },
    {
      "fieldCode": "userCertType",
      "fieldName": "证件类型",
      "description": "组织机构代码证",
      "value": "202"
    },
    {
      "fieldCode": "userCertType",
      "fieldName": "证件类型",
      "description": "营业执照",
      "value": "203"
    },
    {
      "fieldCode": "userCertType",
      "fieldName": "证件类型",
      "description": "事业单位法人证书",
      "value": "204"
    },
    {
      "fieldCode": "userCertType",
      "fieldName": "证件类型",
      "description": "社会团体法人登记证书",
      "value": "205"
    },
    {
      "fieldCode": "userCertType",
      "fieldName": "证件类型",
      "description": "律师事务所执业许可证",
      "value": "206"
    },
    {
      "fieldCode": "userCertType",
      "fieldName": "证件类型",
      "description": "公司商业登记副本（3 个月内）",
      "value": "217"
    },
    {
      "fieldCode": "userCertType",
      "fieldName": "证件类型",
      "description": "公司营业税单 M8 副本",
      "value": "218"
    },
    {
      "fieldCode": "userCertType",
      "fieldName": "证件类型",
      "description": "公司营业税开业/更改 M1 副本",
      "value": "219"
    }
  ],
  "vehicleColor": [
    {
      "fieldCode": "vehicleColor",
      "fieldName": "车牌颜色",
      "description": "蓝色",
      "value": "0"
    },
    {
      "fieldCode": "vehicleColor",
      "fieldName": "车牌颜色",
      "description": "黄色",
      "value": "1"
    },
    {
      "fieldCode": "vehicleColor",
      "fieldName": "车牌颜色",
      "description": "黑色",
      "value": "2"
    },
    {
      "fieldCode": "vehicleColor",
      "fieldName": "车牌颜色",
      "description": "白色",
      "value": "3"
    },
    {
      "fieldCode": "vehicleColor",
      "fieldName": "车牌颜色",
      "description": "渐变绿色",
      "value": "4"
    },
    {
      "fieldCode": "vehicleColor",
      "fieldName": "车牌颜色",
      "description": "黄绿双拼色",
      "value": "5"
    },
    {
      "fieldCode": "vehicleColor",
      "fieldName": "车牌颜色",
      "description": "蓝白渐变色",
      "value": "6"
    },
    {
      "fieldCode": "vehicleColor",
      "fieldName": "车牌颜色",
      "description": "临时牌照",
      "value": "7"
    },
    {
      "fieldCode": "vehicleColor",
      "fieldName": "车牌颜色",
      "description": "未确定",
      "value": "9"
    },
    {
      "fieldCode": "vehicleColor",
      "fieldName": "车牌颜色",
      "description": "绿色",
      "value": "11"
    },
    {
      "fieldCode": "vehicleColor",
      "fieldName": "车牌颜色",
      "description": "红色",
      "value": "12"
    }
  ],
  "vehicleClass": [
    {
      "fieldCode": "vehicleClass",
      "fieldName": "收费车型",
      "description": "一型客车",
      "value": "1"
    },
    {
      "fieldCode": "vehicleClass",
      "fieldName": "收费车型",
      "description": "二型客车",
      "value": "2"
    },
    {
      "fieldCode": "vehicleClass",
      "fieldName": "收费车型",
      "description": "一型专项作业车",
      "value": "21"
    }
  ],
  "giver": [
    {
      "fieldCode": "vehicleType",
      "fieldName": "车辆类型",
      "description": "轻型厢式货车",
      "value": "轻型厢式货车"
    }
  ],
  "vehicleType": [
    {
      "fieldCode": "vehicleType",
      "fieldName": "车辆类型",
      "description": "轻型厢式货车",
      "value": "轻型厢式货车"
    },
    {
      "fieldCode": "vehicleType",
      "fieldName": "车辆类型",
      "description": "轻型封闭货车",
      "value": "轻型封闭货车"
    },
    {
      "fieldCode": "vehicleType",
      "fieldName": "车辆类型",
      "description": "中型罐式货车",
      "value": "中型罐式货车"
    }
  ],
  "bankName": [
    {
      "fieldCode": "bankName",
      "fieldName": "银行名称",
      "description": "A银行",
      "value": "101"
    },
    {
      "fieldCode": "bankName",
      "fieldName": "银行名称",
      "description": "B银行",
      "value": "102"
    }
  ]
}